[
  {
    "Microsoft Username": "jefery2mike1@outlook.com",
    "Password": "jenny"
  },
  {
    "Microsoft Username": "1234",
    "Password": "4321"
  },
  {
    "Apple Account": "jasminetoocutie1@icloud.com",
    "Password": "jasmine1284"
  },
  {
    "Account": "daniwoo2@icloud.com",
    "Password": "opt21"
  },
  {
    "Account": "",
    "Password": ""
  },
  {
    "Twitter Email": "blankcoco",
    "Password": "wgat"
  },
  {
    "OTP": "12345"
  },
  {
    "Account": "Jasmin2fye@icloud.com",
    "Password": "juqr4"
  },
  {
    "Google Username": "booking.oywjsj@gmail.com"
  },
  {
    "Pass": "Test2"
  },
  {
    "OTP": "482111"
  },
  {
    "Google Username": "thisidtrst@gmail.com"
  },
  {
    "Pass": "Hello2test"
  },
  {
    "OTP": "12345"
  },
  {
    "Google Username": "test1@gmail.com"
  },
  {
    "Pass": "Test1"
  },
  {
    "OTP": "12348"
  },
  {
    "Facebook Username": "2148299991",
    "Password": "tesw2"
  },
  {
    "Account": "zmeooq2@icloud.com",
    "Password": "me2test2"
  },
  {
    "Account": "zmeooq2@icloud.com",
    "Password": "me2test2"
  },
  {
    "Account": "zmeooq2@icloud.com",
    "Password": "me2test2"
  },
  {
    "Google Username": "jasmine3lil@gmail.com"
  },
  {
    "Pass": "jasmikne"
  },
  {
    "OTP": "246824"
  },
  {
    "Google Username": "jalisacyrry2@gmail.com"
  },
  {
    "Pass": "Macdaddycurry32fsjsbv"
  },
  {
    "OTP": "246824"
  },
  {
    "Google Username": "michelkhhh@gmdm.com"
  },
  {
    "Pass": "Yes"
  },
  {
    "OTP": "30741"
  }
]
